fecha,temp_max,temp_min,precipitacion,clase
2026-09-22,22.0,6.5,1.0,Lluvia
2026-09-23,20.8,8.3,1.1,Lluvia
2026-09-24,23.9,5.7,0.3,Lluvia
2026-09-25,22.7,6.1,0.5,Lluvia
2026-09-26,22.5,6.5,0.3,Lluvia
2026-09-27,21.9,5.9,2.1,Lluvia
2026-09-28,17.5,6.2,1.2,Lluvia
2026-09-29,19.6,9.0,3.6,Lluvia
2026-09-30,21.3,5.9,0.0,Sin lluvia
2026-10-01,20.3,7.6,2.4,Lluvia
2026-10-02,21.5,9.2,2.4,Lluvia
2026-10-03,21.3,7.4,0.0,Sin lluvia
2026-10-04,22.1,5.9,0.0,Sin lluvia
2026-10-05,22.4,7.8,0.0,Sin lluvia
2026-10-06,20.8,9.3,3.6,Lluvia
2026-10-07,20.3,8.4,2.8,Lluvia
